rut,razon_social,region,anio_constitucion,dominio,verificacion,politica_privacidad,menciona_ley_nueva,banner_cookies,trackers,formularios_datos,login,tienda_online,agenda_online,sitio_minimo,rubro,score,estado
70829000-9,Corporación de Ayuda al Limitado Visual,,1993,coalivi.cl,nombre_en_texto,0,0,0,1,1,0,0,1,0,otro,81,revision
76927557-6,MediBox SpA,13,2018,medibox.cl,marca_en_titulo,1,0,0,1,1,1,1,0,0,otro,76,revision
78739580-5,Kychenthal Médicos Limitada,,1995,kydoft.cl,sitio_registro_oficial,0,0,0,1,0,0,0,1,0,otro,75,revision
96994080-9,Instituto oftalmológico MIC SA,,2002,novovision.cl,sitio_registro_oficial,0,0,0,1,0,0,0,1,0,otro,75,revision
76822001-8,SIMELEC SPA,13,2018,simelec.cl,marca_en_titulo,0,0,0,1,0,0,0,0,0,otro,69,revision
70526900-9,Asociación de Dializados y Transplantados de Chile,,1993,asodi.cl,sitio_registro_oficial,0,0,0,1,0,0,0,0,0,otro,69,revision
76184313-3,Centro de Oftalmología Dr. David Bitrán SpA,,2012,institutodeoftalmologia.cl,sitio_registro_oficial,1,0,0,1,0,0,0,1,0,otro,67,revision
69120100-7,Servicios Médicos Ciudad del Mar Limitada,,1993,www.ccdm.cl,nombre_en_texto,0,0,0,0,0,1,0,1,0,otro,62,revision
76852105-0,AGRICOLA SANTA JOSEFINA LIMITADA,8,2018,agricolasantajosefina.cl,nombre_en_titulo,0,0,0,0,1,0,0,0,0,otro,61,revision
76834137-0,INVERSIONES SANTA LEONOR LIMITADA,13,2018,santaleonor.cl,nombre_en_titulo,0,0,0,0,1,0,0,0,0,otro,61,revision
76476027-1,Sociedad Alejandros Limitada,,2015,sanrafaelcauquenes.com,sitio_registro_oficial,0,0,0,0,0,0,0,1,0,otro,61,revision
78730160-6,Servicios Médicos Luis Pasteur S.A.,,1995,pasteur.cl,nombre_en_titulo,0,0,0,1,1,0,0,1,0,,,enriquecida
96759190-4,Medical Policenter S.A. Observaciones Acreditado con observaciones,,1995,www.policenter.cl,nombre_en_texto,0,0,0,1,1,0,0,1,0,,,enriquecida
76836562-8,VINOVA SPA,13,2018,vinova.cl,marca_en_titulo,0,0,0,0,1,0,0,0,1,otro,56,revision
76874353-3,Tanza SpA,13,2018,tanza.com,marca_en_titulo,0,0,0,0,0,0,0,0,1,fintech_seguros,55,revision
76844452-8,Sociedad de Inversiones Santa Lucía SpA,13,2018,santalucia.com,nombre_en_titulo,0,0,0,0,0,0,0,0,0,otro,55,revision
76841802-0,Sociedad Inmobiliaria e Inversiones Cota Alta SpA,13,2018,cota-alta.com,nombre_en_titulo,0,0,0,0,0,0,0,0,0,otro,55,revision
78735300-2,Sociedad de profesionales Contreras y Seitz Limitada,,1995,labcys.cl,sitio_registro_oficial,0,0,0,0,0,0,0,0,0,otro,55,revision
76392407-6,Sociedad Centro Oftalmológico Clínica Visión Limitada Observaciones Acreditado con observaciones,,2014,clinicavision.cl,sitio_registro_oficial,0,0,0,0,0,0,0,0,0,otro,55,revision
78062990-8,Clínica Oftalmológica Providencia Limitada,,1993,cop.cl,sitio_registro_oficial,0,0,0,0,0,0,0,0,0,otro,55,revision
